ID,Year,Sex,Age,Deaths,Age_Group
1,2020,Female,0.0,7600.0,0-64
2,2020,Female,0.0,1125.0,0-64
3,2020,Female,1.0,303.0,0-64
4,2020,Female,1.0,277.0,0-64
5,2020,Female,2.0,183.0,0-64
6,2020,Female,2.0,193.0,0-64
7,2020,Female,3.0,153.0,0-64
8,2020,Female,3.0,156.0,0-64
9,2020,Female,4.0,118.0,0-64
10,2020,Female,4.0,120.0,0-64
11,2020,Female,5.0,96.0,0-64
12,2020,Female,5.0,114.0,0-64
13,2020,Female,6.0,101.0,0-64
14,2020,Female,6.0,97.0,0-64
15,2020,Female,7.0,100.0,0-64
16,2020,Female,7.0,101.0,0-64
17,2020,Female,8.0,95.0,0-64
18,2020,Female,8.0,98.0,0-64
19,2020,Female,9.0,93.0,0-64
20,2020,Female,9.0,70.0,0-64
21,2020,Female,10.0,94.0,0-64
22,2020,Female,10.0,87.0,0-64
23,2020,Female,11.0,90.0,0-64
24,2020,Female,11.0,113.0,0-64
25,2020,Female,12.0,127.0,0-64
26,2020,Female,12.0,137.0,0-64
27,2020,Female,13.0,135.0,0-64
28,2020,Female,13.0,168.0,0-64
29,2020,Female,14.0,169.0,0-64
30,2020,Female,14.0,177.0,0-64
31,2020,Female,15.0,218.0,0-64
32,2020,Female,15.0,214.0,0-64
33,2020,Female,16.0,264.0,0-64
34,2020,Female,16.0,261.0,0-64
35,2020,Female,17.0,280.0,0-64
36,2020,Female,17.0,312.0,0-64
37,2020,Female,18.0,415.0,0-64
38,2020,Female,18.0,416.0,0-64
39,2020,Female,19.0,459.0,0-64
40,2020,Female,19.0,487.0,0-64
41,2020,Female,20.0,492.0,0-64
42,2020,Female,20.0,483.0,0-64
43,2020,Female,21.0,588.0,0-64
44,2020,Female,21.0,574.0,0-64
45,2020,Female,22.0,572.0,0-64
46,2020,Female,22.0,595.0,0-64
47,2020,Female,23.0,685.0,0-64
48,2020,Female,23.0,654.0,0-64
49,2020,Female,24.0,680.0,0-64
50,2020,Female,24.0,682.0,0-64
51,2020,Female,25.0,756.0,0-64
52,2020,Female,25.0,807.0,0-64
53,2020,Female,26.0,814.0,0-64
54,2020,Female,26.0,800.0,0-64
55,2020,Female,27.0,885.0,0-64
56,2020,Female,27.0,933.0,0-64
57,2020,Female,28.0,986.0,0-64
58,2020,Female,28.0,966.0,0-64
59,2020,Female,29.0,1118.555897,0-64
60,2020,Female,29.0,1074.444103,0-64
61,2020,Female,30.0,1190.0,0-64
62,2020,Female,30.0,1149.0,0-64
63,2020,Female,31.0,1204.0,0-64
64,2020,Female,31.0,1100.0,0-64
65,2020,Female,32.0,1259.0,0-64
66,2020,Female,32.0,1270.0,0-64
67,2020,Female,33.0,1337.0,0-64
68,2020,Female,33.0,1318.0,0-64
69,2020,Female,34.0,1363.0,0-64
70,2020,Female,34.0,1326.0,0-64
71,2020,Female,35.0,1456.0,0-64
72,2020,Female,35.0,1405.0,0-64
73,2020,Female,36.0,1511.0,0-64
74,2020,Female,36.0,1466.0,0-64
75,2020,Female,37.0,1681.0,0-64
76,2020,Female,37.0,1603.0,0-64
77,2020,Female,38.0,1728.0,0-64
78,2020,Female,38.0,1610.0,0-64
79,2020,Female,39.0,1861.0,0-64
80,2020,Female,39.0,1691.0,0-64
81,2020,Female,40.0,1883.0,0-64
82,2020,Female,40.0,1830.0,0-64
83,2020,Female,41.0,2082.0,0-64
84,2020,Female,41.0,1869.0,0-64
85,2020,Female,42.0,1923.0,0-64
86,2020,Female,42.0,1941.0,0-64
87,2020,Female,43.0,2141.0,0-64
88,2020,Female,43.0,2003.0,0-64
89,2020,Female,44.0,2218.0,0-64
90,2020,Female,44.0,2093.0,0-64
91,2020,Female,45.0,2407.6801,0-64
92,2020,Female,45.0,2318.3199,0-64
93,2020,Female,46.0,2552.585952,0-64
94,2020,Female,46.0,2435.414048,0-64
95,2020,Female,47.0,2747.0,0-64
96,2020,Female,47.0,2759.0,0-64
97,2020,Female,48.0,3091.0,0-64
98,2020,Female,48.0,3034.0,0-64
99,2020,Female,49.0,3455.0,0-64
100,2020,Female,49.0,3476.0,0-64
101,2020,Female,50.0,3830.0,0-64
102,2020,Female,50.0,3673.0,0-64
103,2020,Female,51.0,4030.0,0-64
104,2020,Female,51.0,3854.0,0-64
105,2020,Female,52.0,4207.0,0-64
106,2020,Female,52.0,4169.0,0-64
107,2020,Female,53.0,4533.083333,0-64
108,2020,Female,53.0,4602.916667,0-64
109,2020,Female,54.0,5033.0,0-64
110,2020,Female,54.0,5093.0,0-64
111,2020,Female,55.0,5585.404258,0-64
112,2020,Female,55.0,5826.595742,0-64
113,2020,Female,56.0,6341.0,0-64
114,2020,Female,56.0,6302.0,0-64
115,2020,Female,57.0,7045.0,0-64
116,2020,Female,57.0,7033.0,0-64
117,2020,Female,58.0,7547.0,0-64
118,2020,Female,58.0,7339.0,0-64
119,2020,Female,59.0,8285.0,0-64
120,2020,Female,59.0,8262.0,0-64
121,2020,Female,60.0,8959.977914,0-64
122,2020,Female,60.0,8993.022086,0-64
123,2020,Female,61.0,9373.0,0-64
124,2020,Female,61.0,9412.0,0-64
125,2020,Female,62.0,9939.0,0-64
126,2020,Female,62.0,9964.0,0-64
127,2020,Female,63.0,10774.0,0-64
128,2020,Female,63.0,10534.0,0-64
129,2020,Female,64.0,11290.0,0-64
130,2020,Female,64.0,10610.0,0-64
131,2020,Female,65.0,11590.0,65-74
132,2020,Female,65.0,11455.0,65-74
133,2020,Female,66.0,12123.0,65-74
134,2020,Female,66.0,11631.0,65-74
135,2020,Female,67.0,12371.0,65-74
136,2020,Female,67.0,12305.0,65-74
137,2020,Female,68.0,13175.0,65-74
138,2020,Female,68.0,12465.0,65-74
139,2020,Female,69.0,13648.0,65-74
140,2020,Female,69.0,12898.0,65-74
141,2020,Female,70.0,14006.0,65-74
142,2020,Female,70.0,14086.0,65-74
143,2020,Female,71.0,15386.0,65-74
144,2020,Female,71.0,15030.0,65-74
145,2020,Female,72.0,16621.0,65-74
146,2020,Female,72.0,16278.0,65-74
147,2020,Female,73.0,18528.0,65-74
148,2020,Female,73.0,17498.0,65-74
149,2020,Female,74.0,16740.0,65-74
150,2020,Female,74.0,14687.0,65-74
151,2020,Female,75.0,16298.0,75-84
152,2020,Female,75.0,16163.0,75-84
153,2020,Female,76.0,17720.25808,75-84
154,2020,Female,76.0,17504.74192,75-84
155,2020,Female,77.0,20023.0,75-84
156,2020,Female,77.0,18862.0,75-84
157,2020,Female,78.0,19889.0,75-84
158,2020,Female,78.0,17961.0,75-84
159,2020,Female,79.0,19729.0,75-84
160,2020,Female,79.0,18287.0,75-84
161,2020,Female,80.0,20484.0,75-84
162,2020,Female,80.0,18764.0,75-84
163,2020,Female,81.0,20763.0,75-84
164,2020,Female,81.0,19898.0,75-84
165,2020,Female,82.0,22220.0,75-84
166,2020,Female,82.0,20490.0,75-84
167,2020,Female,83.0,22247.0,75-84
168,2020,Female,83.0,20822.0,75-84
169,2020,Female,84.0,23280.0,75-84
170,2020,Female,84.0,21822.0,75-84
171,2020,Female,85.0,24219.0,85 and over
172,2020,Female,85.0,22841.0,85 and over
173,2020,Female,86.0,24082.0,85 and over
174,2020,Female,86.0,22512.0,85 and over
175,2020,Female,87.0,24202.35644,85 and over
176,2020,Female,87.0,23784.64356,85 and over
177,2020,Female,88.0,25352.83037,85 and over
178,2020,Female,88.0,23868.16963,85 and over
179,2020,Female,89.0,25869.0,85 and over
180,2020,Female,89.0,24624.0,85 and over
181,2020,Female,90.0,26298.0,85 and over
182,2020,Female,90.0,24053.0,85 and over
183,2020,Female,91.0,24540.0,85 and over
184,2020,Female,91.0,23279.0,85 and over
185,2020,Female,92.0,24018.0,85 and over
186,2020,Female,92.0,22234.0,85 and over
187,2020,Female,93.0,22917.0,85 and over
188,2020,Female,93.0,20605.0,85 and over
189,2020,Female,94.0,20398.0,85 and over
190,2020,Female,94.0,18192.0,85 and over
191,2020,Female,95.0,17893.0,85 and over
192,2020,Female,95.0,16368.0,85 and over
193,2020,Female,96.0,15707.35098,85 and over
194,2020,Female,96.0,13522.64902,85 and over
195,2020,Female,97.0,12655.0,85 and over
196,2020,Female,97.0,11176.0,85 and over
197,2020,Female,98.0,9888.0,85 and over
198,2020,Female,98.0,9069.0,85 and over
199,2020,Female,99.0,7870.072404,85 and over
200,2020,Female,99.0,6522.927596,85 and over
201,2020,Female,100.0,5781.0,85 and over
202,2020,Female,100.0,4623.0,85 and over
203,2020,Female,101.0,3537.0,85 and over
204,2020,Female,101.0,3129.0,85 and over
205,2020,Female,102.0,2611.0,85 and over
206,2020,Female,102.0,2078.0,85 and over
207,2020,Female,103.0,1657.0,85 and over
208,2020,Female,103.0,1430.0,85 and over
209,2020,Female,104.0,1007.0,85 and over
210,2020,Female,104.0,837.0,85 and over
211,2020,Female,105.0,1178.0,85 and over
212,2020,Female,106.0,652.0,85 and over
213,2020,Female,107.0,384.0,85 and over
214,2020,Female,108.0,193.0,85 and over
215,2020,Female,109.0,105.0,85 and over
216,2020,Female,110.0,59.0,85 and over
217,2020,Female,111.0,29.0,85 and over
218,2020,Female,112.0,13.0,85 and over
219,2020,Female,113.0,6.0,85 and over
220,2020,Female,114.0,2.0,85 and over
221,2020,Female,,37.0,85 and over
222,2020,Male,0.0,9459.0,0-64
223,2020,Male,0.0,1401.0,0-64
224,2020,Male,1.0,397.0,0-64
225,2020,Male,1.0,388.0,0-64
226,2020,Male,2.0,253.0,0-64
227,2020,Male,2.0,259.0,0-64
228,2020,Male,3.0,211.0,0-64
229,2020,Male,3.0,206.0,0-64
230,2020,Male,4.0,148.0,0-64
231,2020,Male,4.0,164.0,0-64
232,2020,Male,5.0,161.0,0-64
233,2020,Male,5.0,145.0,0-64
234,2020,Male,6.0,132.0,0-64
235,2020,Male,6.0,120.0,0-64
236,2020,Male,7.0,108.0,0-64
237,2020,Male,7.0,132.0,0-64
238,2020,Male,8.0,117.0,0-64
239,2020,Male,8.0,96.0,0-64
240,2020,Male,9.0,98.0,0-64
241,2020,Male,9.0,136.0,0-64
242,2020,Male,10.0,144.0,0-64
243,2020,Male,10.0,131.0,0-64
244,2020,Male,11.0,153.0,0-64
245,2020,Male,11.0,170.0,0-64
246,2020,Male,12.0,160.0,0-64
247,2020,Male,12.0,193.0,0-64
248,2020,Male,13.0,224.0,0-64
249,2020,Male,13.0,273.0,0-64
250,2020,Male,14.0,318.0,0-64
251,2020,Male,14.0,351.0,0-64
252,2020,Male,15.0,430.0,0-64
253,2020,Male,15.0,470.0,0-64
254,2020,Male,16.0,631.0,0-64
255,2020,Male,16.0,637.0,0-64
256,2020,Male,17.0,809.0,0-64
257,2020,Male,17.0,827.0,0-64
258,2020,Male,18.0,1135.935792,0-64
259,2020,Male,18.0,1192.064208,0-64
260,2020,Male,19.0,1438.0,0-64
261,2020,Male,19.0,1382.0,0-64
262,2020,Male,20.0,1536.0,0-64
263,2020,Male,20.0,1475.0,0-64
264,2020,Male,21.0,1771.288138,0-64
265,2020,Male,21.0,1636.711862,0-64
266,2020,Male,22.0,1812.0,0-64
267,2020,Male,22.0,1707.0,0-64
268,2020,Male,23.0,1921.0,0-64
269,2020,Male,23.0,1776.0,0-64
270,2020,Male,24.0,1901.0,0-64
271,2020,Male,24.0,1997.0,0-64
272,2020,Male,25.0,2087.356444,0-64
273,2020,Male,25.0,2055.643556,0-64
274,2020,Male,26.0,2160.0,0-64
275,2020,Male,26.0,2189.0,0-64
276,2020,Male,27.0,2331.0,0-64
277,2020,Male,27.0,2383.0,0-64
278,2020,Male,28.0,2558.0,0-64
279,2020,Male,28.0,2461.0,0-64
280,2020,Male,29.0,2742.0,0-64
281,2020,Male,29.0,2587.0,0-64
282,2020,Male,30.0,2891.0,0-64
283,2020,Male,30.0,2679.0,0-64
284,2020,Male,31.0,2873.0,0-64
285,2020,Male,31.0,2766.0,0-64
286,2020,Male,32.0,2824.0,0-64
287,2020,Male,32.0,2697.0,0-64
288,2020,Male,33.0,2941.0,0-64
289,2020,Male,33.0,2748.0,0-64
290,2020,Male,34.0,3046.0,0-64
291,2020,Male,34.0,2810.0,0-64
292,2020,Male,35.0,2997.0,0-64
293,2020,Male,35.0,2934.0,0-64
294,2020,Male,36.0,3073.0,0-64
295,2020,Male,36.0,2995.0,0-64
296,2020,Male,37.0,3323.192509,0-64
297,2020,Male,37.0,3165.807491,0-64
298,2020,Male,38.0,3286.0,0-64
299,2020,Male,38.0,3241.0,0-64
300,2020,Male,39.0,3562.29087,0-64
301,2020,Male,39.0,3490.70913,0-64
302,2020,Male,40.0,3742.654258,0-64
303,2020,Male,40.0,3487.345742,0-64
304,2020,Male,41.0,3720.0,0-64
305,2020,Male,41.0,3449.0,0-64
306,2020,Male,42.0,3610.0,0-64
307,2020,Male,42.0,3517.0,0-64
308,2020,Male,43.0,3870.0,0-64
309,2020,Male,43.0,3529.0,0-64
310,2020,Male,44.0,3743.0,0-64
311,2020,Male,44.0,3762.0,0-64
312,2020,Male,45.0,4054.31546,0-64
313,2020,Male,45.0,3967.68454,0-64
314,2020,Male,46.0,4285.626935,0-64
315,2020,Male,46.0,4157.373065,0-64
316,2020,Male,47.0,4643.0,0-64
317,2020,Male,47.0,4612.0,0-64
318,2020,Male,48.0,5292.0,0-64
319,2020,Male,48.0,5269.0,0-64
320,2020,Male,49.0,6020.506717,0-64
321,2020,Male,49.0,5851.493283,0-64
322,2020,Male,50.0,6436.132514,0-64
323,2020,Male,50.0,6219.867486,0-64
324,2020,Male,51.0,6737.400159,0-64
325,2020,Male,51.0,6363.599841,0-64
326,2020,Male,52.0,7151.0,0-64
327,2020,Male,52.0,6869.0,0-64
328,2020,Male,53.0,7647.0,0-64
329,2020,Male,53.0,7443.0,0-64
330,2020,Male,54.0,8311.0,0-64
331,2020,Male,54.0,8518.0,0-64
332,2020,Male,55.0,9387.0,0-64
333,2020,Male,55.0,9702.0,0-64
334,2020,Male,56.0,10600.0,0-64
335,2020,Male,56.0,10562.0,0-64
336,2020,Male,57.0,11508.0,0-64
337,2020,Male,57.0,10991.0,0-64
338,2020,Male,58.0,12426.0,0-64
339,2020,Male,58.0,11928.0,0-64
340,2020,Male,59.0,13376.12978,0-64
341,2020,Male,59.0,13179.87022,0-64
342,2020,Male,60.0,14195.61305,0-64
343,2020,Male,60.0,14160.38695,0-64
344,2020,Male,61.0,15296.0,0-64
345,2020,Male,61.0,14783.0,0-64
346,2020,Male,62.0,15769.34278,0-64
347,2020,Male,62.0,15659.65722,0-64
348,2020,Male,63.0,17021.0,0-64
349,2020,Male,63.0,16476.0,0-64
350,2020,Male,64.0,17294.0,0-64
351,2020,Male,64.0,16813.0,0-64
352,2020,Male,65.0,17750.0,65-74
353,2020,Male,65.0,17241.0,65-74
354,2020,Male,66.0,18480.0,65-74
355,2020,Male,66.0,17674.0,65-74
356,2020,Male,67.0,18537.0,65-74
357,2020,Male,67.0,17953.0,65-74
358,2020,Male,68.0,19319.0,65-74
359,2020,Male,68.0,17930.0,65-74
360,2020,Male,69.0,19714.0,65-74
361,2020,Male,69.0,18134.0,65-74
362,2020,Male,70.0,19921.0,65-74
363,2020,Male,70.0,19267.0,65-74
364,2020,Male,71.0,20849.52311,65-74
365,2020,Male,71.0,19789.47689,65-74
366,2020,Male,72.0,22105.0,65-74
367,2020,Male,72.0,21093.0,65-74
368,2020,Male,73.0,24262.0,65-74
369,2020,Male,73.0,22270.0,65-74
370,2020,Male,74.0,21243.0,65-74
371,2020,Male,74.0,18467.0,65-74
372,2020,Male,75.0,20250.0,75-84
373,2020,Male,75.0,19501.0,75-84
374,2020,Male,76.0,21786.0,75-84
375,2020,Male,76.0,21093.0,75-84
376,2020,Male,77.0,24114.0,75-84
377,2020,Male,77.0,22320.0,75-84
378,2020,Male,78.0,23583.0,75-84
379,2020,Male,78.0,20600.0,75-84
380,2020,Male,79.0,22336.0,75-84
381,2020,Male,79.0,20162.0,75-84
382,2020,Male,80.0,22279.0,75-84
383,2020,Male,80.0,20134.0,75-84
384,2020,Male,81.0,22136.0,75-84
385,2020,Male,81.0,20544.0,75-84
386,2020,Male,82.0,22654.0,75-84
387,2020,Male,82.0,20268.0,75-84
388,2020,Male,83.0,22438.0,75-84
389,2020,Male,83.0,20130.0,75-84
390,2020,Male,84.0,22318.0,75-84
391,2020,Male,84.0,20204.0,75-84
392,2020,Male,85.0,22241.0,85 and over
393,2020,Male,85.0,20358.0,85 and over
394,2020,Male,86.0,21166.0,85 and over
395,2020,Male,86.0,18662.0,85 and over
396,2020,Male,87.0,20383.0,85 and over
397,2020,Male,87.0,19092.0,85 and over
398,2020,Male,88.0,20265.0,85 and over
399,2020,Male,88.0,18533.0,85 and over
400,2020,Male,89.0,19369.0,85 and over
401,2020,Male,89.0,17829.0,85 and over
402,2020,Male,90.0,18802.0,85 and over
403,2020,Male,90.0,16048.0,85 and over
404,2020,Male,91.0,16460.97678,85 and over
405,2020,Male,91.0,15069.02322,85 and over
406,2020,Male,92.0,14907.0,85 and over
407,2020,Male,92.0,13305.0,85 and over
408,2020,Male,93.0,13265.0,85 and over
409,2020,Male,93.0,11167.0,85 and over
410,2020,Male,94.0,10803.0,85 and over
411,2020,Male,94.0,9317.0,85 and over
412,2020,Male,95.0,8775.0,85 and over
413,2020,Male,95.0,7659.0,85 and over
414,2020,Male,96.0,7019.0,85 and over
415,2020,Male,96.0,5894.0,85 and over
416,2020,Male,97.0,5226.0,85 and over
417,2020,Male,97.0,4310.0,85 and over
418,2020,Male,98.0,3757.0,85 and over
419,2020,Male,98.0,3123.0,85 and over
420,2020,Male,99.0,2669.685679,85 and over
421,2020,Male,99.0,2124.314321,85 and over
422,2020,Male,100.0,1718.0,85 and over
423,2020,Male,100.0,1374.0,85 and over
424,2020,Male,101.0,981.0,85 and over
425,2020,Male,101.0,849.0,85 and over
426,2020,Male,102.0,628.0,85 and over
427,2020,Male,102.0,486.0,85 and over
428,2020,Male,103.0,302.0,85 and over
429,2020,Male,103.0,252.0,85 and over
430,2020,Male,104.0,171.0,85 and over
431,2020,Male,104.0,137.0,85 and over
432,2020,Male,105.0,211.0,85 and over
433,2020,Male,106.0,103.0,85 and over
434,2020,Male,107.0,62.0,85 and over
435,2020,Male,108.0,21.0,85 and over
436,2020,Male,109.0,12.0,85 and over
437,2020,Male,110.0,4.0,85 and over
438,2020,Male,111.0,5.0,85 and over
439,2020,Male,113.0,1.0,85 and over
440,2020,Male,117.0,1.0,85 and over
441,2020,Male,119.0,1.0,85 and over
442,2020,Male,120.0,1.0,85 and over
443,2020,Male,,79.0,85 and over
444,2021,Female,0.0,7924.0,0-64
445,2021,Female,0.0,1087.0,0-64
446,2021,Female,1.0,382.0,0-64
447,2021,Female,1.0,321.0,0-64
448,2021,Female,2.0,240.0,0-64
449,2021,Female,2.0,191.0,0-64
450,2021,Female,3.0,158.0,0-64
451,2021,Female,3.0,139.0,0-64
452,2021,Female,4.0,155.0,0-64
453,2021,Female,4.0,125.0,0-64
454,2021,Female,5.0,124.0,0-64
455,2021,Female,5.0,104.0,0-64
456,2021,Female,6.0,114.0,0-64
457,2021,Female,6.0,102.0,0-64
458,2021,Female,7.0,103.0,0-64
459,2021,Female,7.0,103.0,0-64
460,2021,Female,8.0,104.0,0-64
461,2021,Female,8.0,90.0,0-64
462,2021,Female,9.0,88.0,0-64
463,2021,Female,9.0,99.0,0-64
464,2021,Female,10.0,97.0,0-64
465,2021,Female,10.0,107.0,0-64
466,2021,Female,11.0,120.0,0-64
467,2021,Female,11.0,108.0,0-64
468,2021,Female,12.0,122.0,0-64
469,2021,Female,12.0,141.0,0-64
470,2021,Female,13.0,159.0,0-64
471,2021,Female,13.0,188.0,0-64
472,2021,Female,14.0,205.0,0-64
473,2021,Female,14.0,203.0,0-64
474,2021,Female,15.0,233.0,0-64
475,2021,Female,15.0,229.0,0-64
476,2021,Female,16.0,325.0,0-64
477,2021,Female,16.0,282.0,0-64
478,2021,Female,17.0,377.0,0-64
479,2021,Female,17.0,348.0,0-64
480,2021,Female,18.0,460.0,0-64
481,2021,Female,18.0,488.0,0-64
482,2021,Female,19.0,476.0,0-64
483,2021,Female,19.0,486.0,0-64
484,2021,Female,20.0,574.0,0-64
485,2021,Female,20.0,593.0,0-64
486,2021,Female,21.0,630.0,0-64
487,2021,Female,21.0,621.0,0-64
488,2021,Female,22.0,656.0,0-64
489,2021,Female,22.0,663.0,0-64
490,2021,Female,23.0,705.0,0-64
491,2021,Female,23.0,718.0,0-64
492,2021,Female,24.0,771.0,0-64
493,2021,Female,24.0,761.0,0-64
494,2021,Female,25.0,788.0,0-64
495,2021,Female,25.0,829.0,0-64
496,2021,Female,26.0,874.0,0-64
497,2021,Female,26.0,920.0,0-64
498,2021,Female,27.0,978.0,0-64
499,2021,Female,27.0,964.0,0-64
500,2021,Female,28.0,1028.0,0-64
501,2021,Female,28.0,1076.0,0-64
502,2021,Female,29.0,1184.0,0-64
503,2021,Female,29.0,1161.0,0-64
504,2021,Female,30.0,1318.0,0-64
505,2021,Female,30.0,1248.0,0-64
506,2021,Female,31.0,1393.0,0-64
507,2021,Female,31.0,1354.0,0-64
508,2021,Female,32.0,1482.0,0-64
509,2021,Female,32.0,1442.0,0-64
510,2021,Female,33.0,1581.0,0-64
511,2021,Female,33.0,1532.0,0-64
512,2021,Female,34.0,1629.0,0-64
513,2021,Female,34.0,1583.0,0-64
514,2021,Female,35.0,1744.0,0-64
515,2021,Female,35.0,1649.0,0-64
516,2021,Female,36.0,1824.0,0-64
517,2021,Female,36.0,1744.0,0-64
518,2021,Female,37.0,1931.0,0-64
519,2021,Female,37.0,1779.0,0-64
520,2021,Female,38.0,2013.0,0-64
521,2021,Female,38.0,1988.0,0-64
522,2021,Female,39.0,2187.0,0-64
523,2021,Female,39.0,2064.0,0-64
524,2021,Female,40.0,2234.0,0-64
525,2021,Female,40.0,2239.0,0-64
526,2021,Female,41.0,2433.0,0-64
527,2021,Female,41.0,2257.0,0-64
528,2021,Female,42.0,2538.0,0-64
529,2021,Female,42.0,2447.0,0-64
530,2021,Female,43.0,2564.0,0-64
531,2021,Female,43.0,2458.0,0-64
532,2021,Female,44.0,2728.0,0-64
533,2021,Female,44.0,2529.0,0-64
534,2021,Female,45.0,2697.0,0-64
535,2021,Female,45.0,2665.0,0-64
536,2021,Female,46.0,3037.0,0-64
537,2021,Female,46.0,2890.0,0-64
538,2021,Female,47.0,3148.0,0-64
539,2021,Female,47.0,3041.0,0-64
540,2021,Female,48.0,3393.0,0-64
541,2021,Female,48.0,3429.0,0-64
542,2021,Female,49.0,3777.0,0-64
543,2021,Female,49.0,3843.0,0-64
544,2021,Female,50.0,4445.0,0-64
545,2021,Female,50.0,4297.0,0-64
546,2021,Female,51.0,4674.0,0-64
547,2021,Female,51.0,4464.0,0-64
548,2021,Female,52.0,4832.0,0-64
549,2021,Female,52.0,4768.0,0-64
550,2021,Female,53.0,4969.0,0-64
551,2021,Female,53.0,5098.0,0-64
552,2021,Female,54.0,5420.0,0-64
553,2021,Female,54.0,5378.0,0-64
554,2021,Female,55.0,5951.0,0-64
555,2021,Female,55.0,6134.0,0-64
556,2021,Female,56.0,6676.0,0-64
557,2021,Female,56.0,7071.0,0-64
558,2021,Female,57.0,7486.0,0-64
559,2021,Female,57.0,7609.0,0-64
560,2021,Female,58.0,8127.0,0-64
561,2021,Female,58.0,8146.0,0-64
562,2021,Female,59.0,9070.0,0-64
563,2021,Female,59.0,9043.0,0-64
564,2021,Female,60.0,9473.0,0-64
565,2021,Female,60.0,9670.0,0-64
566,2021,Female,61.0,10364.87808,0-64
567,2021,Female,61.0,10386.12192,0-64
568,2021,Female,62.0,11087.0,0-64
569,2021,Female,62.0,10909.0,0-64
570,2021,Female,63.0,11514.76564,0-64
571,2021,Female,63.0,11745.23436,0-64
572,2021,Female,64.0,12443.0,0-64
573,2021,Female,64.0,12301.0,0-64
574,2021,Female,65.0,12743.0,65-74
575,2021,Female,65.0,12443.0,65-74
576,2021,Female,66.0,12853.0,65-74
577,2021,Female,66.0,13160.0,65-74
578,2021,Female,67.0,13529.0,65-74
579,2021,Female,67.0,13398.0,65-74
580,2021,Female,68.0,13911.42865,65-74
581,2021,Female,68.0,13854.57135,65-74
582,2021,Female,69.0,14509.0,65-74
583,2021,Female,69.0,14417.0,65-74
584,2021,Female,70.0,15119.0,65-74
585,2021,Female,70.0,14925.0,65-74
586,2021,Female,71.0,15431.0,65-74
587,2021,Female,71.0,16032.0,65-74
588,2021,Female,72.0,16414.0,65-74
589,2021,Female,72.0,17036.0,65-74
590,2021,Female,73.0,17574.0,65-74
591,2021,Female,73.0,18400.0,65-74
592,2021,Female,74.0,19913.0,65-74
593,2021,Female,74.0,19664.0,65-74
594,2021,Female,75.0,17396.0,75-84
595,2021,Female,75.0,16377.0,75-84
596,2021,Female,76.0,17093.0,75-84
597,2021,Female,76.0,18068.0,75-84
598,2021,Female,77.0,18517.0,75-84
599,2021,Female,77.0,19513.0,75-84
600,2021,Female,78.0,20615.0,75-84
601,2021,Female,78.0,21006.0,75-84
602,2021,Female,79.0,20430.0,75-84
603,2021,Female,79.0,19610.0,75-84
604,2021,Female,80.0,20057.0,75-84
605,2021,Female,80.0,19971.0,75-84
606,2021,Female,81.0,20215.0,75-84
607,2021,Female,81.0,20309.0,75-84
608,2021,Female,82.0,20522.0,75-84
609,2021,Female,82.0,21197.0,75-84
610,2021,Female,83.0,21524.0,75-84
611,2021,Female,83.0,21656.0,75-84
612,2021,Female,84.0,21639.0,75-84
613,2021,Female,84.0,21551.0,75-84
614,2021,Female,85.0,21952.0,85 and over
615,2021,Female,85.0,22572.0,85 and over
616,2021,Female,86.0,22578.0,85 and over
617,2021,Female,86.0,23033.0,85 and over
618,2021,Female,87.0,22281.94932,85 and over
619,2021,Female,87.0,22327.05068,85 and over
620,2021,Female,88.0,21943.0,85 and over
621,2021,Female,88.0,23061.0,85 and over
622,2021,Female,89.0,22596.0,85 and over
623,2021,Female,89.0,22786.0,85 and over
624,2021,Female,90.0,22487.0,85 and over
625,2021,Female,90.0,23176.0,85 and over
626,2021,Female,91.0,22488.0,85 and over
627,2021,Female,91.0,21833.0,85 and over
628,2021,Female,92.0,20584.0,85 and over
629,2021,Female,92.0,20977.0,85 and over
630,2021,Female,93.0,19630.0,85 and over
631,2021,Female,93.0,19531.0,85 and over
632,2021,Female,94.0,18246.0,85 and over
633,2021,Female,94.0,17401.0,85 and over
634,2021,Female,95.0,15594.0,85 and over
635,2021,Female,95.0,15369.0,85 and over
636,2021,Female,96.0,13596.0,85 and over
637,2021,Female,96.0,12892.0,85 and over
638,2021,Female,97.0,11103.0,85 and over
639,2021,Female,97.0,10398.0,85 and over
640,2021,Female,98.0,8613.0,85 and over
641,2021,Female,98.0,8085.0,85 and over
642,2021,Female,99.0,6687.0,85 and over
643,2021,Female,99.0,6289.0,85 and over
644,2021,Female,100.0,5085.0,85 and over
645,2021,Female,100.0,4427.0,85 and over
646,2021,Female,101.0,3547.0,85 and over
647,2021,Female,101.0,3004.0,85 and over
648,2021,Female,102.0,2102.971233,85 and over
649,2021,Female,102.0,1966.028767,85 and over
650,2021,Female,103.0,1454.0,85 and over
651,2021,Female,103.0,1276.0,85 and over
652,2021,Female,104.0,869.0,85 and over
653,2021,Female,104.0,747.0,85 and over
654,2021,Female,105.0,944.0,85 and over
655,2021,Female,106.0,521.0,85 and over
656,2021,Female,107.0,303.0,85 and over
657,2021,Female,108.0,189.0,85 and over
658,2021,Female,109.0,90.0,85 and over
659,2021,Female,110.0,55.0,85 and over
660,2021,Female,111.0,16.0,85 and over
661,2021,Female,112.0,7.0,85 and over
662,2021,Female,113.0,5.0,85 and over
663,2021,Female,114.0,2.0,85 and over
664,2021,Female,115.0,2.0,85 and over
665,2021,Female,116.0,1.0,85 and over
666,2021,Female,121.0,1.0,85 and over
667,2021,Female,,23.0,85 and over
668,2021,Male,0.0,9557.182192,0-64
669,2021,Male,0.0,1351.817808,0-64
670,2021,Male,1.0,462.0,0-64
671,2021,Male,1.0,327.0,0-64
672,2021,Male,2.0,282.0,0-64
673,2021,Male,2.0,245.0,0-64
674,2021,Male,3.0,225.0,0-64
675,2021,Male,3.0,215.0,0-64
676,2021,Male,4.0,177.0,0-64
677,2021,Male,4.0,172.0,0-64
678,2021,Male,5.0,166.0,0-64
679,2021,Male,5.0,146.0,0-64
680,2021,Male,6.0,154.0,0-64
681,2021,Male,6.0,147.0,0-64
682,2021,Male,7.0,128.0,0-64
683,2021,Male,7.0,136.0,0-64
684,2021,Male,8.0,125.0,0-64
685,2021,Male,8.0,118.0,0-64
686,2021,Male,9.0,130.0,0-64
687,2021,Male,9.0,125.0,0-64
688,2021,Male,10.0,154.0,0-64
689,2021,Male,10.0,136.0,0-64
690,2021,Male,11.0,134.0,0-64
691,2021,Male,11.0,161.0,0-64
692,2021,Male,12.0,152.0,0-64
693,2021,Male,12.0,188.0,0-64
694,2021,Male,13.0,254.0,0-64
695,2021,Male,13.0,254.0,0-64
696,2021,Male,14.0,312.0,0-64
697,2021,Male,14.0,374.0,0-64
698,2021,Male,15.0,442.0,0-64
699,2021,Male,15.0,502.0,0-64
700,2021,Male,16.0,628.0,0-64
701,2021,Male,16.0,708.0,0-64
702,2021,Male,17.0,891.0,0-64
703,2021,Male,17.0,978.0,0-64
704,2021,Male,18.0,1253.0,0-64
705,2021,Male,18.0,1270.0,0-64
706,2021,Male,19.0,1526.0,0-64
707,2021,Male,19.0,1506.0,0-64
708,2021,Male,20.0,1523.0,0-64
709,2021,Male,20.0,1572.0,0-64
710,2021,Male,21.0,1723.0,0-64
711,2021,Male,21.0,1805.0,0-64
712,2021,Male,22.0,1899.0,0-64
713,2021,Male,22.0,1847.0,0-64
714,2021,Male,23.0,1911.0,0-64
715,2021,Male,23.0,1879.0,0-64
716,2021,Male,24.0,2050.0,0-64
717,2021,Male,24.0,2000.0,0-64
718,2021,Male,25.0,2188.0,0-64
719,2021,Male,25.0,2220.0,0-64
720,2021,Male,26.0,2327.0,0-64
721,2021,Male,26.0,2359.0,0-64
722,2021,Male,27.0,2579.516324,0-64
723,2021,Male,27.0,2437.483676,0-64
724,2021,Male,28.0,2703.0,0-64
725,2021,Male,28.0,2716.0,0-64
726,2021,Male,29.0,2892.0,0-64
727,2021,Male,29.0,2967.0,0-64
728,2021,Male,30.0,3125.0,0-64
729,2021,Male,30.0,3057.0,0-64
730,2021,Male,31.0,3349.0,0-64
731,2021,Male,31.0,3093.0,0-64
732,2021,Male,32.0,3379.0,0-64
733,2021,Male,32.0,3174.0,0-64
734,2021,Male,33.0,3453.0,0-64
735,2021,Male,33.0,3161.0,0-64
736,2021,Male,34.0,3430.0,0-64
737,2021,Male,34.0,3298.0,0-64
738,2021,Male,35.0,3614.0,0-64
739,2021,Male,35.0,3452.0,0-64
740,2021,Male,36.0,3693.0,0-64
741,2021,Male,36.0,3517.0,0-64
742,2021,Male,37.0,3726.0,0-64
743,2021,Male,37.0,3556.0,0-64
744,2021,Male,38.0,3942.856164,0-64
745,2021,Male,38.0,3841.143836,0-64
746,2021,Male,39.0,4145.0,0-64
747,2021,Male,39.0,3993.0,0-64
748,2021,Male,40.0,4356.0,0-64
749,2021,Male,40.0,4040.0,0-64
750,2021,Male,41.0,4483.0,0-64
751,2021,Male,41.0,4261.0,0-64
752,2021,Male,42.0,4610.0,0-64
753,2021,Male,42.0,4144.0,0-64
754,2021,Male,43.0,4552.0,0-64
755,2021,Male,43.0,4435.0,0-64
756,2021,Male,44.0,4794.0,0-64
757,2021,Male,44.0,4437.0,0-64
758,2021,Male,45.0,4709.0,0-64
759,2021,Male,45.0,4615.0,0-64
760,2021,Male,46.0,5194.0,0-64
761,2021,Male,46.0,4915.0,0-64
762,2021,Male,47.0,5175.910959,0-64
763,2021,Male,47.0,5242.089041,0-64
764,2021,Male,48.0,5823.080822,0-64
765,2021,Male,48.0,5707.919178,0-64
766,2021,Male,49.0,6282.0,0-64
767,2021,Male,49.0,6559.0,0-64
768,2021,Male,50.0,7305.132877,0-64
769,2021,Male,50.0,7435.867123,0-64
770,2021,Male,51.0,7814.0,0-64
771,2021,Male,51.0,7559.0,0-64
772,2021,Male,52.0,8252.075342,0-64
773,2021,Male,52.0,7932.924658,0-64
774,2021,Male,53.0,8462.712215,0-64
775,2021,Male,53.0,8410.287785,0-64
776,2021,Male,54.0,9142.450571,0-64
777,2021,Male,54.0,9235.549429,0-64
778,2021,Male,55.0,9856.0,0-64
779,2021,Male,55.0,10155.0,0-64
780,2021,Male,56.0,10990.0,0-64
781,2021,Male,56.0,11546.0,0-64
782,2021,Male,57.0,12358.0,0-64
783,2021,Male,57.0,12256.0,0-64
784,2021,Male,58.0,13243.70263,0-64
785,2021,Male,58.0,13534.29737,0-64
786,2021,Male,59.0,14048.0,0-64
787,2021,Male,59.0,14304.0,0-64
788,2021,Male,60.0,15325.0,0-64
789,2021,Male,60.0,15558.0,0-64
790,2021,Male,61.0,16033.44509,0-64
791,2021,Male,61.0,16334.55491,0-64
792,2021,Male,62.0,16945.0,0-64
793,2021,Male,62.0,17164.5,0-64
794,2021,Male,63.0,17551.5,0-64
795,2021,Male,63.0,18348.0,0-64
796,2021,Male,64.0,18702.62043,0-64
797,2021,Male,64.0,18707.37957,0-64
798,2021,Male,65.0,18814.26153,65-74
799,2021,Male,65.0,19018.73847,65-74
800,2021,Male,66.0,18998.0,65-74
801,2021,Male,66.0,19536.0,65-74
802,2021,Male,67.0,19516.47797,65-74
803,2021,Male,67.0,19810.52203,65-74
804,2021,Male,68.0,19655.97945,65-74
805,2021,Male,68.0,20406.02055,65-74
806,2021,Male,69.0,19986.0,65-74
807,2021,Male,69.0,20427.0,65-74
808,2021,Male,70.0,20642.0,65-74
809,2021,Male,70.0,20751.0,65-74
810,2021,Male,71.0,20274.0,65-74
811,2021,Male,71.0,21505.0,65-74
812,2021,Male,72.0,21265.0,65-74
813,2021,Male,72.0,22270.0,65-74
814,2021,Male,73.0,22371.0,65-74
815,2021,Male,73.0,23945.0,65-74
816,2021,Male,74.0,25165.0,65-74
817,2021,Male,74.0,24585.0,65-74
818,2021,Male,75.0,21073.0,75-84
819,2021,Male,75.0,20567.0,75-84
820,2021,Male,76.0,20275.0,75-84
821,2021,Male,76.0,21404.0,75-84
822,2021,Male,77.0,21374.0,75-84
823,2021,Male,77.0,22677.0,75-84
824,2021,Male,78.0,23566.0,75-84
825,2021,Male,78.0,24086.0,75-84
826,2021,Male,79.0,22796.0,75-84
827,2021,Male,79.0,22422.0,75-84
828,2021,Male,80.0,21717.0,75-84
829,2021,Male,80.0,21549.0,75-84
830,2021,Male,81.0,21355.0,75-84
831,2021,Male,81.0,21317.0,75-84
832,2021,Male,82.0,20814.0,75-84
833,2021,Male,82.0,21678.0,75-84
834,2021,Male,83.0,21370.0,75-84
835,2021,Male,83.0,21208.0,75-84
836,2021,Male,84.0,20513.91918,75-84
837,2021,Male,84.0,20627.08082,75-84
838,2021,Male,85.0,20384.0,85 and over
839,2021,Male,85.0,20493.0,85 and over
840,2021,Male,86.0,19668.0,85 and over
841,2021,Male,86.0,20368.0,85 and over
842,2021,Male,87.0,19081.48071,85 and over
843,2021,Male,87.0,18658.51929,85 and over
844,2021,Male,88.0,17869.0,85 and over
845,2021,Male,88.0,18525.0,85 and over
846,2021,Male,89.0,17526.0,85 and over
847,2021,Male,89.0,17204.0,85 and over
848,2021,Male,90.0,16131.0,85 and over
849,2021,Male,90.0,16546.0,85 and over
850,2021,Male,91.0,15358.0,85 and over
851,2021,Male,91.0,14621.0,85 and over
852,2021,Male,92.0,13102.0,85 and over
853,2021,Male,92.0,13147.0,85 and over
854,2021,Male,93.0,11623.0,85 and over
855,2021,Male,93.0,11185.0,85 and over
856,2021,Male,94.0,9750.0,85 and over
857,2021,Male,94.0,9095.0,85 and over
858,2021,Male,95.0,7865.0,85 and over
859,2021,Male,95.0,7419.0,85 and over
860,2021,Male,96.0,5921.0,85 and over
861,2021,Male,96.0,5726.0,85 and over
862,2021,Male,97.0,4689.0,85 and over
863,2021,Male,97.0,4346.0,85 and over
864,2021,Male,98.0,3360.0,85 and over
865,2021,Male,98.0,3022.0,85 and over
866,2021,Male,99.0,2329.0,85 and over
867,2021,Male,99.0,2159.0,85 and over
868,2021,Male,100.0,1547.0,85 and over
869,2021,Male,100.0,1264.0,85 and over
870,2021,Male,101.0,1012.0,85 and over
871,2021,Male,101.0,834.0,85 and over
872,2021,Male,102.0,515.0,85 and over
873,2021,Male,102.0,476.0,85 and over
874,2021,Male,103.0,355.0,85 and over
875,2021,Male,103.0,279.0,85 and over
876,2021,Male,104.0,164.0,85 and over
877,2021,Male,104.0,131.0,85 and over
878,2021,Male,105.0,143.0,85 and over
879,2021,Male,106.0,88.0,85 and over
880,2021,Male,107.0,34.0,85 and over
881,2021,Male,108.0,19.0,85 and over
882,2021,Male,109.0,10.0,85 and over
883,2021,Male,110.0,5.0,85 and over
884,2021,Male,111.0,1.0,85 and over
885,2021,Male,114.0,2.0,85 and over
886,2021,Male,120.0,1.0,85 and over
887,2021,Male,121.0,1.0,85 and over
888,2021,Male,,70.0,85 and over
889,2022,Female,0.0,9182.0,0-64
890,2022,Female,1.0,705.0,0-64
891,2022,Female,2.0,442.0,0-64
892,2022,Female,3.0,380.0,0-64
893,2022,Female,4.0,276.0,0-64
894,2022,Female,5.0,267.0,0-64
895,2022,Female,6.0,231.0,0-64
896,2022,Female,7.0,217.0,0-64
897,2022,Female,8.0,215.0,0-64
898,2022,Female,9.0,214.0,0-64
899,2022,Female,10.0,220.0,0-64
900,2022,Female,11.0,227.0,0-64
901,2022,Female,12.0,304.0,0-64
902,2022,Female,13.0,345.0,0-64
903,2022,Female,14.0,412.0,0-64
904,2022,Female,15.0,458.0,0-64
905,2022,Female,16.0,582.0,0-64
906,2022,Female,17.0,732.0,0-64
907,2022,Female,18.0,835.0,0-64
908,2022,Female,19.0,958.0,0-64
909,2022,Female,20.0,1061.0,0-64
910,2022,Female,21.0,1138.0,0-64
911,2022,Female,22.0,1175.0,0-64
912,2022,Female,23.0,1330.0,0-64
913,2022,Female,24.0,1326.0,0-64
914,2022,Female,25.0,1528.0,0-64
915,2022,Female,26.0,1563.0,0-64
916,2022,Female,27.0,1731.0,0-64
917,2022,Female,28.0,1865.0,0-64
918,2022,Female,29.0,2131.0,0-64
919,2022,Female,30.0,2275.0,0-64
920,2022,Female,31.0,2480.0,0-64
921,2022,Female,32.0,2611.0,0-64
922,2022,Female,33.0,2794.0,0-64
923,2022,Female,34.0,2880.0,0-64
924,2022,Female,35.0,2880.0,0-64
925,2022,Female,36.0,3142.0,0-64
926,2022,Female,37.0,3295.0,0-64
927,2022,Female,38.0,3500.0,0-64
928,2022,Female,39.0,3778.0,0-64
929,2022,Female,40.0,4002.0,0-64
930,2022,Female,41.0,4156.0,0-64
931,2022,Female,42.0,4363.0,0-64
932,2022,Female,43.0,4478.0,0-64
933,2022,Female,44.0,4525.0,0-64
934,2022,Female,45.0,4742.0,0-64
935,2022,Female,46.0,4912.0,0-64
936,2022,Female,47.0,5350.0,0-64
937,2022,Female,48.0,5675.0,0-64
938,2022,Female,49.0,6339.0,0-64
939,2022,Female,50.0,7056.0,0-64
940,2022,Female,51.0,7870.0,0-64
941,2022,Female,52.0,8419.0,0-64
942,2022,Female,53.0,8685.0,0-64
943,2022,Female,54.0,9389.0,0-64
944,2022,Female,55.0,10306.0,0-64
945,2022,Female,56.0,11342.0,0-64
946,2022,Female,57.0,12992.0,0-64
947,2022,Female,58.0,14391.0,0-64
948,2022,Female,59.0,15770.0,0-64
949,2022,Female,60.0,16993.0,0-64
950,2022,Female,61.0,18500.0,0-64
951,2022,Female,62.0,19723.0,0-64
952,2022,Female,63.0,21064.0,0-64
953,2022,Female,64.0,22182.0,0-64
954,2022,Female,65.0,23411.0,65-74
955,2022,Female,66.0,24270.0,65-74
956,2022,Female,67.0,24749.0,65-74
957,2022,Female,68.0,25871.0,65-74
958,2022,Female,69.0,27139.0,65-74
959,2022,Female,70.0,28533.0,65-74
960,2022,Female,71.0,29216.0,65-74
961,2022,Female,72.0,30871.0,65-74
962,2022,Female,73.0,33225.0,65-74
963,2022,Female,74.0,36311.0,65-74
964,2022,Female,75.0,39505.0,75-84
965,2022,Female,76.0,34082.0,75-84
966,2022,Female,77.0,35375.0,75-84
967,2022,Female,78.0,38561.0,75-84
968,2022,Female,79.0,41860.0,75-84
969,2022,Female,80.0,40776.0,75-84
970,2022,Female,81.0,40304.0,75-84
971,2022,Female,82.0,40766.0,75-84
972,2022,Female,83.0,42321.0,75-84
973,2022,Female,84.0,43846.0,75-84
974,2022,Female,85.0,43977.0,85 and over
975,2022,Female,86.0,44784.0,85 and over
976,2022,Female,87.0,45329.0,85 and over
977,2022,Female,88.0,44475.0,85 and over
978,2022,Female,89.0,44654.0,85 and over
979,2022,Female,90.0,44409.0,85 and over
980,2022,Female,91.0,43422.0,85 and over
981,2022,Female,92.0,41942.0,85 and over
982,2022,Female,93.0,38121.0,85 and over
983,2022,Female,94.0,35346.0,85 and over
984,2022,Female,95.0,31366.0,85 and over
985,2022,Female,96.0,26295.0,85 and over
986,2022,Female,97.0,22019.0,85 and over
987,2022,Female,98.0,17430.0,85 and over
988,2022,Female,99.0,13112.0,85 and over
989,2022,Female,100.0,9737.0,85 and over
990,2022,Female,101.0,6862.0,85 and over
991,2022,Female,102.0,4621.0,85 and over
992,2022,Female,103.0,2713.0,85 and over
993,2022,Female,104.0,1803.0,85 and over
994,2022,Female,105.0,1018.0,85 and over
995,2022,Female,106.0,581.0,85 and over
996,2022,Female,107.0,325.0,85 and over
997,2022,Female,108.0,173.0,85 and over
998,2022,Female,109.0,93.0,85 and over
999,2022,Female,110.0,37.0,85 and over
1000,2022,Female,111.0,25.0,85 and over
1001,2022,Female,112.0,13.0,85 and over
1002,2022,Female,113.0,3.0,85 and over
1003,2022,Female,114.0,3.0,85 and over
1004,2022,Female,115.0,1.0,85 and over
1005,2022,Female,121.0,1.0,85 and over
1006,2022,Female,,16.0,85 and over
1007,2022,Male,0.0,11371.0,0-64
1008,2022,Male,1.0,909.0,0-64
1009,2022,Male,2.0,613.0,0-64
1010,2022,Male,3.0,461.0,0-64
1011,2022,Male,4.0,370.0,0-64
1012,2022,Male,5.0,357.0,0-64
1013,2022,Male,6.0,301.0,0-64
1014,2022,Male,7.0,244.0,0-64
1015,2022,Male,8.0,271.0,0-64
1016,2022,Male,9.0,250.0,0-64
1017,2022,Male,10.0,266.0,0-64
1018,2022,Male,11.0,329.0,0-64
1019,2022,Male,12.0,350.0,0-64
1020,2022,Male,13.0,482.0,0-64
1021,2022,Male,14.0,737.0,0-64
1022,2022,Male,15.0,1002.0,0-64
1023,2022,Male,16.0,1334.0,0-64
1024,2022,Male,17.0,1815.0,0-64
1025,2022,Male,18.0,2396.0,0-64
1026,2022,Male,19.0,2633.0,0-64
1027,2022,Male,20.0,2830.0,0-64
1028,2022,Male,21.0,3123.0,0-64
1029,2022,Male,22.0,3359.0,0-64
1030,2022,Male,23.0,3467.0,0-64
1031,2022,Male,24.0,3678.0,0-64
1032,2022,Male,25.0,3863.0,0-64
1033,2022,Male,26.0,4184.0,0-64
1034,2022,Male,27.0,4459.0,0-64
1035,2022,Male,28.0,4723.0,0-64
1036,2022,Male,29.0,5248.0,0-64
1037,2022,Male,30.0,5517.0,0-64
1038,2022,Male,31.0,5790.0,0-64
1039,2022,Male,32.0,6238.0,0-64
1040,2022,Male,33.0,6298.0,0-64
1041,2022,Male,34.0,6191.0,0-64
1042,2022,Male,35.0,6247.0,0-64
1043,2022,Male,36.0,6676.0,0-64
1044,2022,Male,37.0,6890.0,0-64
1045,2022,Male,38.0,6770.0,0-64
1046,2022,Male,39.0,7294.0,0-64
1047,2022,Male,40.0,7514.0,0-64
1048,2022,Male,41.0,7835.0,0-64
1049,2022,Male,42.0,7933.0,0-64
1050,2022,Male,43.0,7988.0,0-64
1051,2022,Male,44.0,8339.0,0-64
1052,2022,Male,45.0,8429.0,0-64
1053,2022,Male,46.0,8433.0,0-64
1054,2022,Male,47.0,9264.0,0-64
1055,2022,Male,48.0,9624.0,0-64
1056,2022,Male,49.0,10375.0,0-64
1057,2022,Male,50.0,11660.0,0-64
1058,2022,Male,51.0,13156.0,0-64
1059,2022,Male,52.0,14024.0,0-64
1060,2022,Male,53.0,14551.0,0-64
1061,2022,Male,54.0,15331.0,0-64
1062,2022,Male,55.0,16922.0,0-64
1063,2022,Male,56.0,18343.0,0-64
1064,2022,Male,57.0,20526.0,0-64
1065,2022,Male,58.0,22995.0,0-64
1066,2022,Male,59.0,24736.0,0-64
1067,2022,Male,60.0,26822.0,0-64
1068,2022,Male,61.0,28385.0,0-64
1069,2022,Male,62.0,30164.0,0-64
1070,2022,Male,63.0,31688.0,0-64
1071,2022,Male,64.0,33697.0,0-64
1072,2022,Male,65.0,34838.0,65-74
1073,2022,Male,66.0,35077.0,65-74
1074,2022,Male,67.0,36135.0,65-74
1075,2022,Male,68.0,37067.0,65-74
1076,2022,Male,69.0,37608.0,65-74
1077,2022,Male,70.0,38582.0,65-74
1078,2022,Male,71.0,39436.0,65-74
1079,2022,Male,72.0,39971.0,65-74
1080,2022,Male,73.0,41940.0,65-74
1081,2022,Male,74.0,44331.0,65-74
1082,2022,Male,75.0,48375.0,75-84
1083,2022,Male,76.0,40026.0,75-84
1084,2022,Male,77.0,40495.0,75-84
1085,2022,Male,78.0,43235.0,75-84
1086,2022,Male,79.0,46078.0,75-84
1087,2022,Male,80.0,43738.0,75-84
1088,2022,Male,81.0,41904.0,75-84
1089,2022,Male,82.0,41117.0,75-84
1090,2022,Male,83.0,41464.0,75-84
1091,2022,Male,84.0,41075.0,75-84
1092,2022,Male,85.0,39709.0,85 and over
1093,2022,Male,86.0,38934.0,85 and over
1094,2022,Male,87.0,38050.0,85 and over
1095,2022,Male,88.0,35065.0,85 and over
1096,2022,Male,89.0,33457.0,85 and over
1097,2022,Male,90.0,31735.0,85 and over
1098,2022,Male,91.0,29234.0,85 and over
1099,2022,Male,92.0,26223.0,85 and over
1100,2022,Male,93.0,22524.0,85 and over
1101,2022,Male,94.0,19060.0,85 and over
1102,2022,Male,95.0,15394.0,85 and over
1103,2022,Male,96.0,11921.0,85 and over
1104,2022,Male,97.0,8860.0,85 and over
1105,2022,Male,98.0,6537.0,85 and over
1106,2022,Male,99.0,4462.0,85 and over
1107,2022,Male,100.0,3098.0,85 and over
1108,2022,Male,101.0,1950.0,85 and over
1109,2022,Male,102.0,1115.0,85 and over
1110,2022,Male,103.0,598.0,85 and over
1111,2022,Male,104.0,324.0,85 and over
1112,2022,Male,105.0,182.0,85 and over
1113,2022,Male,106.0,92.0,85 and over
1114,2022,Male,107.0,48.0,85 and over
1115,2022,Male,108.0,17.0,85 and over
1116,2022,Male,109.0,6.0,85 and over
1117,2022,Male,110.0,2.0,85 and over
1118,2022,Male,111.0,2.0,85 and over
1119,2022,Male,112.0,1.0,85 and over
1120,2022,Male,116.0,1.0,85 and over
1121,2022,Male,115.3,87.0,85 and over